{
  "resourceType": "Bundle",
  "type": "collection",
  "entry": [
    {
      "fullUrl": "http://fohispital.thd/Patient-fca25312-d80e-46b2-8be3-72fd95e8731a",
      "resource": {
        "resourceType": "Patient",
        "id": "Patient-fca25312-d80e-46b2-8be3-72fd95e8731a",
        "text": {
          "status": "generated",
          "div": "<div xmlns='http://www.w3.org/1999/xhtml'>A patient resource with a narrative.</div>"
        },
        "identifier": [
          {
            "system": "fohispital.thd/patient-ids",
            "value": "1"
          }
        ],
        "birthDate": "1989-01-01"
      }
    },
    {
      "fullUrl": "http://fohispital.thd/observation-1-d370f596-cf04-470c-a731-afd59eb4194b",
      "resource": {
        "resourceType": "Observation",
        "id": "observation-1-d370f596-cf04-470c-a731-afd59eb4194b",
        "text": {
          "status": "generated",
          "div": "<div xmlns='http://www.w3.org/1999/xhtml'>An observation resource with a narrative.</div>"
        },
        "status": "final",
        "category": [
          {
            "coding": [
              {
                "system": "http://terminology.hl7.org/CodeSystem/observation-category",
                "code": "laboratory",
                "display": "Laboratory"
              }
            ]
          }
        ],
        "code": {
          "coding": [
            {
              "system": "http://loinc.org",
              "code": "82810-3",
              "display": "Pregnancy"
            }
          ]
        },
        "subject": {
          "reference": "Patient/Patient-fca25312-d80e-46b2-8be3-72fd95e8731a"
        },
        "effectiveDateTime": "2024-07-15T17:02:56.545334",
        "performer": [
          {
            "reference": "Practitioner/79ab2703-0932-466b-ad4f-93657bae88b8"
          }
        ],
        "valueQuantity": {
          "value": 7.0,
          "unit": "mg/dL",
          "system": "http://unitsofmeasure.org",
          "code": "mg/dL"
        }
      }
    },
    {
      "fullUrl": "http://fohispital.thd/observation-1-a1e2c246-aea8-4df0-bd82-2e346e25e524",
      "resource": {
        "resourceType": "Observation",
        "id": "observation-1-a1e2c246-aea8-4df0-bd82-2e346e25e524",
        "text": {
          "status": "generated",
          "div": "<div xmlns='http://www.w3.org/1999/xhtml'>An observation resource with a narrative.</div>"
        },
        "status": "final",
        "category": [
          {
            "coding": [
              {
                "system": "http://terminology.hl7.org/CodeSystem/observation-category",
                "code": "laboratory",
                "display": "Laboratory"
              }
            ]
          }
        ],
        "code": {
          "coding": [
            {
              "system": "http://loinc.org",
              "code": "15074-8",
              "display": "Glucose [Moles/volume] in Blood"
            }
          ]
        },
        "subject": {
          "reference": "Patient/Patient-fca25312-d80e-46b2-8be3-72fd95e8731a"
        },
        "effectiveDateTime": "2024-07-15T17:02:56.547327",
        "performer": [
          {
            "reference": "Practitioner/79ab2703-0932-466b-ad4f-93657bae88b8"
          }
        ],
        "valueQuantity": {
          "value": 120.0,
          "unit": "mg/dL",
          "system": "http://unitsofmeasure.org",
          "code": "mg/dL"
        }
      }
    },
    {
      "fullUrl": "http://fohispital.thd/observation-1-c017865d-a033-4caf-af2c-9bd1a3f1a906",
      "resource": {
        "resourceType": "Observation",
        "id": "observation-1-c017865d-a033-4caf-af2c-9bd1a3f1a906",
        "text": {
          "status": "generated",
          "div": "<div xmlns='http://www.w3.org/1999/xhtml'>An observation resource with a narrative.</div>"
        },
        "status": "final",
        "category": [
          {
            "coding": [
              {
                "system": "http://terminology.hl7.org/CodeSystem/observation-category",
                "code": "vital-signs",
                "display": "Vital Signs"
              }
            ]
          }
        ],
        "code": {
          "coding": [
            {
              "system": "http://loinc.org",
              "code": "85354-9",
              "display": "Blood pressure panel with all children optional"
            }
          ]
        },
        "subject": {
          "reference": "Patient/Patient-fca25312-d80e-46b2-8be3-72fd95e8731a"
        },
        "effectiveDateTime": "2024-07-15T17:02:56.548397",
        "performer": [
          {
            "reference": "Practitioner/79ab2703-0932-466b-ad4f-93657bae88b8"
          }
        ],
        "component": [
          {
            "code": {
              "coding": [
                {
                  "system": "http://loinc.org",
                  "code": "8480-6",
                  "display": "Systolic Blood Pressure"
                }
              ]
            },
            "valueQuantity": {
              "value": 120.0,
              "unit": "mmHg",
              "system": "http://unitsofmeasure.org",
              "code": "mm[Hg]"
            }
          },
          {
            "code": {
              "coding": [
                {
                  "system": "http://loinc.org",
                  "code": "8462-4",
                  "display": "Diastolic Blood Pressure"
                }
              ]
            },
            "valueQuantity": {
              "value": 80.0,
              "unit": "mmHg",
              "system": "http://unitsofmeasure.org",
              "code": "mm[Hg]"
            }
          }
        ]
      }
    },
    {
      "fullUrl": "http://fohispital.thd/observation-1-a78bf445-5a8e-46bb-a538-894e24c18435",
      "resource": {
        "resourceType": "Observation",
        "id": "observation-1-a78bf445-5a8e-46bb-a538-894e24c18435",
        "text": {
          "status": "generated",
          "div": "<div xmlns='http://www.w3.org/1999/xhtml'>An observation resource with a narrative.</div>"
        },
        "status": "final",
        "category": [
          {
            "coding": [
              {
                "system": "http://terminology.hl7.org/CodeSystem/observation-category",
                "code": "laboratory",
                "display": "Laboratory"
              }
            ]
          }
        ],
        "code": {
          "coding": [
            {
              "system": "http://loinc.org",
              "code": "14749-6",
              "display": "Glucose [Moles/volume] in Serum or Plasma"
            }
          ]
        },
        "subject": {
          "reference": "Patient/Patient-fca25312-d80e-46b2-8be3-72fd95e8731a"
        },
        "effectiveDateTime": "2024-07-15T17:02:56.549760",
        "performer": [
          {
            "reference": "Practitioner/79ab2703-0932-466b-ad4f-93657bae88b8"
          }
        ],
        "valueQuantity": {
          "value": 30.0,
          "unit": "mg/dL",
          "system": "http://unitsofmeasure.org",
          "code": "mg/dL"
        }
      }
    },
    {
      "fullUrl": "http://fohispital.thd/observation-1-0af5056e-a149-4c9f-bc35-706a72ac6785",
      "resource": {
        "resourceType": "Observation",
        "id": "observation-1-0af5056e-a149-4c9f-bc35-706a72ac6785",
        "text": {
          "status": "generated",
          "div": "<div xmlns='http://www.w3.org/1999/xhtml'>An observation resource with a narrative.</div>"
        },
        "status": "final",
        "category": [
          {
            "coding": [
              {
                "system": "http://terminology.hl7.org/CodeSystem/observation-category",
                "code": "vital-signs",
                "display": "Vital Signs"
              }
            ]
          }
        ],
        "code": {
          "coding": [
            {
              "system": "http://loinc.org",
              "code": "39156-5",
              "display": "BMI"
            }
          ]
        },
        "subject": {
          "reference": "Patient/Patient-fca25312-d80e-46b2-8be3-72fd95e8731a"
        },
        "effectiveDateTime": "2024-07-15T17:02:56.550672",
        "performer": [
          {
            "reference": "Practitioner/79ab2703-0932-466b-ad4f-93657bae88b8"
          }
        ],
        "valueQuantity": {
          "value": 25.4,
          "unit": "kg/m3",
          "system": "http://unitsofmeasure.org",
          "code": "kg/m3"
        }
      }
    }
  ]
}